Workbook

Sheet Huong_Dan
A1: CARÉTTA (caretta.vn): kế hoạch công việc SEO theo tuần
A2: Bắt đầu: Thứ 2, 05/10/2026. Nguồn: bản Audit SEO caretta.vn (25/09/2026) và file CARETTA_SEO_Strategy.xlsx.
A4: Cách dùng
A5: 1 | B5: Mỗi tuần một sheet (Tuan_01 … Tuan_12). Mỗi dòng là một task, làm lần lượt từ trên xuống.
A6: 2 | B6: Chỉ sửa các ô nền vàng: Phụ trách, Hạn chót, Trạng thái, Ngày xong, Ghi chú / link bằng chứng.
A7: 3 | B7: Cột Trạng thái chọn từ danh sách: Chưa làm, Đang làm, Chờ duyệt, Xong, Vướng. Dòng tự đổi màu.
A8: 4 | B8: Task chỉ được chuyển 'Xong' khi đạt cột 'Tiêu chí hoàn thành'. Dán link ảnh chụp/Drive vào Ghi chú.
A9: 5 | B9: Sheet Tong_Quan tự tính % hoàn thành từng tuần. Không sửa sheet này.
A10: 6 | B10: Sheet PageSpeed_Log: ghi kết quả đo https://pagespeed.web.dev/ (Mobile và Desktop) ở tuần 1, 4, 8, 10, 12.
A11: 7 | B11: Sheet Thang_04-12: việc nội dung sau giai đoạn sửa website, chi tiết hóa thành sheet tuần khi tới tháng đó.
A13: Ưu tiên | B13: P0 = bắt buộc trong tuần; P1 = nên làm trong tuần, có thể dời 1 tuần; P2 = làm khi có thời gian.
A14: Phụ trách | B14: Dev, SEO, Content, Chủ shop. Đổi thành tên người thật khi giao việc.
A15: Nguyên tắc | B15: Không viết blog khi trang sản phẩm chưa render đúng (SSR). Nội dung an toàn: đồ bơi trợ nổi không phải thiết bị cứu sinh, trẻ em cần người lớn giám sát.
A16: Ghi chú GSC | B16: Audit ghi nhận Search Console đã được xác minh. Tuần 1 là cấp quyền cho team SEO, thêm property Domain (nếu chưa có), gửi sitemap và lấy số liệu nền.
A17: Ghi chú Firebase | B17: Trên web, Firebase Analytics chính là GA4. Chỉ cài một mã đo (Firebase SDK hoặc gtag.js), không cài cả hai để tránh đếm trùng.

Sheet Tong_Quan
A1: Tổng quan tiến độ 12 tuần (giai đoạn sửa website)
A3: Tuần | B3: Sheet | C3: Từ ngày | D3: Đến ngày | E3: Tháng | F3: Trọng tâm | G3: Tổng task | H3: P0 | I3: Xong | J3: Đang làm | K3: Vướng | L3: % hoàn thành
A4: 1 | B4: Tuan_01 | C4: 46300 | D4: 46306 | E4: 1 | F4: Đo lường + kiểm tra nền + sửa lỗi kỹ thuật nhỏ | G4: =COUNTA(Tuan_01!B5:B39) | H4: =COUNTIF(Tuan_01!H5:H39,"P0") | I4: =COUNTIF(Tuan_01!J5:J39,"Xong") | J4: =COUNTIF(Tuan_01!J5:J39,"Đang làm") | K4: =COUNTIF(Tuan_01!J5:J39,"Vướng") | L4: =IFERROR(I4/G4,0)
A5: 2 | B5: Tuan_02 | C5: 46307 | D5: 46313 | E5: 1 | F5: Render phía máy chủ (SSR) trang sản phẩm | G5: =COUNTA(Tuan_02!B5:B29) | H5: =COUNTIF(Tuan_02!H5:H29,"P0") | I5: =COUNTIF(Tuan_02!J5:J29,"Xong") | J5: =COUNTIF(Tuan_02!J5:J29,"Đang làm") | K5: =COUNTIF(Tuan_02!J5:J29,"Vướng") | L5: =IFERROR(I5/G5,0)
A6: 3 | B6: Tuan_03 | C6: 46314 | D6: 46320 | E6: 1 | F6: SSR danh mục + title/meta/H1 toàn site | G6: =COUNTA(Tuan_03!B5:B30) | H6: =COUNTIF(Tuan_03!H5:H30,"P0") | I6: =COUNTIF(Tuan_03!J5:J30,"Xong") | J6: =COUNTIF(Tuan_03!J5:J30,"Đang làm") | K6: =COUNTIF(Tuan_03!J5:J30,"Vướng") | L6: =IFERROR(I6/G6,0)
A7: 4 | B7: Tuan_04 | C7: 46321 | D7: 46327 | E7: 1 | F7: Pháp lý, tin cậy + tổng kết tháng 1 | G7: =COUNTA(Tuan_04!B5:B29) | H7: =COUNTIF(Tuan_04!H5:H29,"P0") | I7: =COUNTIF(Tuan_04!J5:J29,"Xong") | J7: =COUNTIF(Tuan_04!J5:J29,"Đang làm") | K7: =COUNTIF(Tuan_04!J5:J29,"Vướng") | L7: =IFERROR(I7/G7,0)
A8: 5 | B8: Tuan_05 | C8: 46328 | D8: 46334 | E8: 2 | F8: URL tiếng Việt + 301 | G8: =COUNTA(Tuan_05!B5:B28) | H8: =COUNTIF(Tuan_05!H5:H28,"P0") | I8: =COUNTIF(Tuan_05!J5:J28,"Xong") | J8: =COUNTIF(Tuan_05!J5:J28,"Đang làm") | K8: =COUNTIF(Tuan_05!J5:J28,"Vướng") | L8: =IFERROR(I8/G8,0)
A9: 6 | B9: Tuan_06 | C9: 46335 | D9: 46341 | E9: 2 | F9: Schema (dữ liệu có cấu trúc) | G9: =COUNTA(Tuan_06!B5:B28) | H9: =COUNTIF(Tuan_06!H5:H28,"P0") | I9: =COUNTIF(Tuan_06!J5:J28,"Xong") | J9: =COUNTIF(Tuan_06!J5:J28,"Đang làm") | K9: =COUNTIF(Tuan_06!J5:J28,"Vướng") | L9: =IFERROR(I9/G9,0)
A10: 7 | B10: Tuan_07 | C10: 46342 | D10: 46348 | E10: 2 | F10: Sitemap, menu, nội dung danh mục | G10: =COUNTA(Tuan_07!B5:B28) | H10: =COUNTIF(Tuan_07!H5:H28,"P0") | I10: =COUNTIF(Tuan_07!J5:J28,"Xong") | J10: =COUNTIF(Tuan_07!J5:J28,"Đang làm") | K10: =COUNTIF(Tuan_07!J5:J28,"Vướng") | L10: =IFERROR(I10/G10,0)
A11: 8 | B11: Tuan_08 | C11: 46349 | D11: 46355 | E11: 2 | F11: Merchant Center + tổng kết tháng 2 | G11: =COUNTA(Tuan_08!B5:B27) | H11: =COUNTIF(Tuan_08!H5:H27,"P0") | I11: =COUNTIF(Tuan_08!J5:J27,"Xong") | J11: =COUNTIF(Tuan_08!J5:J27,"Đang làm") | K11: =COUNTIF(Tuan_08!J5:J27,"Vướng") | L11: =IFERROR(I11/G11,0)
A12: 9 | B12: Tuan_09 | C12: 46356 | D12: 46362 | E12: 3 | F12: Tốc độ: tối ưu ảnh | G12: =COUNTA(Tuan_09!B5:B28) | H12: =COUNTIF(Tuan_09!H5:H28,"P0") | I12: =COUNTIF(Tuan_09!J5:J28,"Xong") | J12: =COUNTIF(Tuan_09!J5:J28,"Đang làm") | K12: =COUNTIF(Tuan_09!J5:J28,"Vướng") | L12: =IFERROR(I12/G12,0)
A13: 10 | B13: Tuan_10 | C13: 46363 | D13: 46369 | E13: 3 | F13: Tốc độ: render-blocking + đo lại | G13: =COUNTA(Tuan_10!B5:B28) | H13: =COUNTIF(Tuan_10!H5:H28,"P0") | I13: =COUNTIF(Tuan_10!J5:J28,"Xong") | J13: =COUNTIF(Tuan_10!J5:J28,"Đang làm") | K13: =COUNTIF(Tuan_10!J5:J28,"Vướng") | L13: =IFERROR(I13/G13,0)
A14: 11 | B14: Tuan_11 | C14: 46370 | D14: 46376 | E14: 3 | F14: Nội dung trang bán hàng | G14: =COUNTA(Tuan_11!B5:B27) | H14: =COUNTIF(Tuan_11!H5:H27,"P0") | I14: =COUNTIF(Tuan_11!J5:J27,"Xong") | J14: =COUNTIF(Tuan_11!J5:J27,"Đang làm") | K14: =COUNTIF(Tuan_11!J5:J27,"Vướng") | L14: =IFERROR(I14/G14,0)
A15: 12 | B15: Tuan_12 | C15: 46377 | D15: 46383 | E15: 3 | F15: Uy tín + nghiệm thu giai đoạn sửa website | G15: =COUNTA(Tuan_12!B5:B28) | H15: =COUNTIF(Tuan_12!H5:H28,"P0") | I15: =COUNTIF(Tuan_12!J5:J28,"Xong") | J15: =COUNTIF(Tuan_12!J5:J28,"Đang làm") | K15: =COUNTIF(Tuan_12!J5:J28,"Vướng") | L15: =IFERROR(I15/G15,0)
A16: Tổng | G16: =SUM(G4:G15) | H16: =SUM(H4:H15) | I16: =SUM(I4:I15) | J16: =SUM(J4:J15) | K16: =SUM(K4:K15) | L16: =IFERROR(I16/G16,0)
A18: Sheet này tự tính từ cột Trạng thái của từng sheet tuần. Số màu xanh lá là công thức lấy từ sheet khác.

Sheet Tuan_01
A1: Tuần 1 (05/10 – 11/10/2026) · Tháng 1: Đo lường + kiểm tra nền + sửa lỗi kỹ thuật nhỏ
A2: Tiến độ: | C2: =IFERROR(COUNTIF(J5:J39,"Xong")/COUNTA(B5:B39),0) | D2: =COUNTIF(J5:J39,"Xong")&" / "&COUNTA(B5:B39)&" task xong · "&COUNTIF(J5:J39,"Vướng")&" task vướng"
A4: STT | B4: Mã task | C4: Hạng mục | D4: Đầu việc | E4: Các bước thực hiện | F4: URL / phạm vi | G4: Phụ trách | H4: Ưu tiên | I4: Hạn chót | J4: Trạng thái | K4: Tiêu chí hoàn thành | L4: Nguồn | M4: Ngày xong | N4: Ghi chú / link bằng chứng
A5: 1 | B5: W01-01 | C5: Đo lường | D5: Google Search Console: cấp quyền và thêm property Domain | E5: 1. Audit ghi nhận GSC đã xác minh → hỏi chủ shop tài khoản nào đang là Owner. 2. Settings → Users and permissions → Add user: email team SEO, quyền Full. 3. Nếu mới chỉ có property URL-prefix: tạo thêm property Domain 'caretta.vn' (thêm bản ghi TXT vào DNS). 4. Chụp màn hình trang Users để lưu. | F5: caretta.vn | G5: Chủ shop + SEO | H5: P0 | I5: 46301 | J5: Chưa làm | K5: Team SEO đăng nhập GSC thấy dữ liệu caretta.vn; property Domain trạng thái Verified | L5: Strategy 09_KPI (baseline cần GSC)
A6: 2 | B6: W01-02 | C6: Đo lường | D6: Search Console: gửi sitemap và lấy số liệu nền (baseline) | E6: 1. Sitemaps → gửi https://caretta.vn/sitemap.xml. 2. Pages (Trang): ghi số URL Indexed / Not indexed và lý do (Duplicate, Alternate canonical, Soft 404...). 3. Performance 3 tháng gần nhất: ghi tổng Click, Impression, CTR, vị trí TB; xuất top 50 truy vấn. 4. Điền baseline vào sheet 09_KPI của file chiến lược. | F6: sitemap.xml, báo cáo Pages, Performance | G6: SEO | H6: P0 | I6: 46302 | J6: Chưa làm | K6: Sitemap trạng thái Success; baseline index/click/impression đã điền | L6: Strategy 09_KPI
A7: 3 | B7: W01-03 | C7: Đo lường | D7: Firebase + GA4: tạo project và gắn mã theo dõi | E7: 1. console.firebase.google.com → Add project 'caretta-web' → bật Google Analytics (tạo GA4 property, múi giờ VN, tiền tệ VND). 2. Project settings → Add app → Web → lấy firebaseConfig. 3. Dev cài Firebase SDK (getAnalytics) hoặc gtag.js với cùng Measurement ID G-XXXX vào toàn site. 4. GA4 → Data streams → bật Enhanced measurement. 5. Kiểm tra realtime / DebugView thấy page_view. | F7: Toàn site | G7: Dev + SEO | H7: P0 | I7: 46302 | J7: Chưa làm | K7: GA4 Realtime thấy lượt truy cập; chỉ 1 mã đo (không cài trùng) | L7: Strategy 07_Roadmap T1: GSC + GA4 đã gắn
A8: 4 | B8: W01-04 | C8: Đo lường | D8: GA4: cài sự kiện thương mại điện tử | E8: 1. Bắn view_item (trang sản phẩm), add_to_cart, begin_checkout, purchase (có value, currency=VND, items). 2. Đánh dấu purchase là Key event (chuyển đổi). 3. Đặt thêm sự kiện click_zalo, click_hotline. 4. Test bằng DebugView với 1 đơn thử. | F8: Trang sản phẩm, giỏ hàng, thanh toán | G8: Dev | H8: P0 | I8: 46304 | J8: Chưa làm | K8: DebugView thấy đủ 4 sự kiện kèm giá trị VND | L8: Strategy 09_KPI (đơn hàng, doanh thu organic)
A9: 5 | B9: W01-05 | C9: Đo lường | D9: Liên kết GA4 với Search Console | E9: GA4 Admin → Product links → Search Console links → chọn property caretta.vn → web stream. Bật bộ báo cáo Search Console trong Library. | F9: GA4 + GSC | G9: SEO | H9: P1 | I9: 46304 | J9: Chưa làm | K9: Báo cáo Queries trong GA4 có dữ liệu sau 48h
A10: 6 | B10: W01-06 | C10: PageSpeed | D10: Đo PageSpeed bản Mobile cho 5 trang mẫu | E10: 1. Vào https://pagespeed.web.dev/ → nhập từng URL → tab Mobile. 2. Ghi: điểm Performance, LCP, FCP, CLS, TBT, Speed Index, dữ liệu CrUX (nếu có) vào sheet PageSpeed_Log. 3. Chụp màn hình phần Diagnostics/Opportunities (ảnh nặng, render-blocking...). 4. Ghi tab Accessibility, Best Practices, SEO. | F10: /, /products, /women, /products/ao-phao-boi-khop-dong-caretta-challenger-light, /lo-trinh-hoc-boi | G10: SEO | H10: P0 | I10: 46301 | J10: Chưa làm | K10: Đủ 5 dòng Mobile trong PageSpeed_Log, có ảnh chụp | L10: Audit mục 2 Hiệu năng
A11: 7 | B11: W01-07 | C11: PageSpeed | D11: Đo PageSpeed bản Desktop cho 5 trang mẫu | E11: Cùng 5 URL, chọn tab Desktop. Ghi các chỉ số như bản Mobile vào PageSpeed_Log. So sánh chênh lệch Mobile/Desktop. | F11: 5 URL như trên | G11: SEO | H11: P0 | I11: 46301 | J11: Chưa làm | K11: Đủ 5 dòng Desktop trong PageSpeed_Log | L11: Audit mục 2 Hiệu năng
A12: 8 | B12: W01-08 | C12: Mobile | D12: Kiểm tra lỗi hiển thị trên điện thoại | E12: 1. Chrome DevTools → Toggle device (iPhone SE 375px, iPhone 14, Galaxy) + 1 máy thật. 2. Kiểm tra: tràn ngang, chữ < 12px, nút bấm quá sát (< 48px), menu, popup che nội dung, form thanh toán, nút Zalo. 3. Trong PageSpeed mục SEO/Accessibility: xem lỗi tap targets, viewport, font-size. 4. Ghi từng lỗi kèm ảnh chụp vào cột Ghi chú/link Drive. | F12: Trang chủ, danh mục, sản phẩm, giỏ hàng, thanh toán | G12: SEO | H12: P0 | I12: 46303 | J12: Chưa làm | K12: Danh sách lỗi mobile có ảnh, đã gửi Dev | L12: Audit mục 2, 3
A13: 9 | B13: W01-09 | C13: Kỹ thuật | D13: Logo tachnen.png 2,4 MB → SVG hoặc WebP < 30 KB | E13: Xuất lại logo dạng SVG (ưu tiên) hoặc WebP 2x kích thước hiển thị. Thay ở header, footer, favicon riêng. Khai báo width/height. | F13: Toàn site | G13: Dev | H13: P0 | I13: 46302 | J13: Chưa làm | K13: Tệp logo < 30 KB (kiểm tra tab Network) | L13: Audit: 5 việc làm nhanh
A14: 10 | B14: W01-10 | C14: Kỹ thuật | D14: Trả 404 thật cho trang không tồn tại (soft 404) | E14: 1. Route /products/:slug và /blog/:slug: tra slug trong DB, không có → status 404 + trang gợi ý sản phẩm. 2. /product_detail và /product_detail.html → 404/410, gỡ mọi link nội bộ trỏ tới. | F14: /products/khong-ton-tai-xyz, /blog/abc, /product_detail(.html) | G14: Dev | H14: P0 | I14: 46304 | J14: Chưa làm | K14: curl -I trả 404 cho các URL thử | L14: Audit mục 1; Strategy U012, U013
A15: 11 | B15: W01-11 | C15: Kỹ thuật | D15: Noindex trang mỏng/placeholder và bỏ khỏi sitemap | E15: Thêm <meta name="robots" content="noindex,follow"> (render phía máy chủ) và xóa khỏi sitemap: /men (0 sản phẩm, ẩn khỏi menu/footer), /blog, /ve-chung-toi/phat-trien-ben-vung, /ve-chung-toi/tuyen-dung, /don-hang-cua-toi (+ Disallow trong robots.txt). | F15: 5 URL | G15: Dev | H15: P0 | I15: 46303 | J15: Chưa làm | K15: View-source có noindex; sitemap không còn 5 URL này | L15: Strategy U002, U004, U011, U030, U031
A16: 12 | B16: W01-12 | C16: Kỹ thuật | D16: Header bảo mật + tắt x-powered-by | E16: Express: app.disable('x-powered-by'); dùng middleware helmet (HSTS, X-Content-Type-Options, X-Frame-Options, Referrer-Policy). Kiểm tra CSP không chặn ảnh Supabase/Google Fonts. | F16: Máy chủ Express | G16: Dev | H16: P1 | I16: 46304 | J16: Chưa làm | K16: securityheaders.com ≥ hạng B; không còn header x-powered-by | L16: Audit mục 1
A17: 13 | B17: W01-13 | C17: Kỹ thuật | D17: Sửa link chân trang trỏ '#' | E17: Gắn link thật Instagram, Facebook, TikTok. Bảo Mật/Điều Khoản: tạm trỏ tới trang sẽ làm ở tuần 4 (hoặc ẩn đến khi có). | F17: Footer | G17: Dev + Chủ shop | H17: P1 | I17: 46304 | J17: Chưa làm | K17: Không còn href="#" ở footer | L17: Audit mục 3
A18: 14 | B18: W01-14 | C18: Kỹ thuật | D18: Lỗi nhỏ khác | E18: 1. Sửa H1 dính chữ 'Học BơiCùng' ở /lo-trinh-hoc-boi. 2. Bỏ lỗi console 401 /api/auth/me khi khách chưa đăng nhập. 3. Sửa tên sản phẩm trong API: 'Lưc Nâng' → 'Lực Nâng'; 'CARETTA CHALLENGE' → 'CARÉTTA CHALLENGER'; xóa 2 dấu cách thừa ở Start Float. | F18: /lo-trinh-hoc-boi, API sản phẩm | G18: Dev | H18: P1 | I18: 46304 | J18: Chưa làm | K18: Console sạch lỗi; tên sản phẩm đúng chính tả | L18: Audit mục 1; Strategy 00_Huong_Dan
A19: 15 | B19: W01-15 | C19: Kiểm tra | D19: Chụp lại trạng thái chia sẻ link và rich result (baseline) | E19: 1. Facebook Sharing Debugger: dán 2 link sản phẩm, chụp kết quả (hiện đang ra 'Velocity Pro' + favicon). 2. Rich Results Test 1 trang sản phẩm (hiện 0 schema). Lưu ảnh để so sánh sau tuần 3 và tuần 6. | F19: 2 trang sản phẩm | G19: SEO | H19: P2 | I19: 46305 | J19: Chưa làm | K19: Ảnh baseline lưu Drive | L19: Audit mục 3, 5

Sheet Tuan_02
A1: Tuần 2 (12/10 – 18/10/2026) · Tháng 1: Render phía máy chủ (SSR) trang sản phẩm
A2: Tiến độ: | C2: =IFERROR(COUNTIF(J5:J29,"Xong")/COUNTA(B5:B29),0) | D2: =COUNTIF(J5:J29,"Xong")&" / "&COUNTA(B5:B29)&" task xong · "&COUNTIF(J5:J29,"Vướng")&" task vướng"
A4: STT | B4: Mã task | C4: Hạng mục | D4: Đầu việc | E4: Các bước thực hiện | F4: URL / phạm vi | G4: Phụ trách | H4: Ưu tiên | I4: Hạn chót | J4: Trạng thái | K4: Tiêu chí hoàn thành | L4: Nguồn | M4: Ngày xong | N4: Ghi chú / link bằng chứng
A5: 1 | B5: W02-01 | C5: Kỹ thuật | D5: SSR phần <head> cho 14 trang sản phẩm | E5: Lấy dữ liệu từ /api/products/by-slug ngay trên Express và in vào HTML trả về: <title>, meta description, canonical tự trỏ đúng URL, og:title, og:description, og:image (ảnh sản phẩm 1200x630), og:url. Title/meta lấy theo sheet 01b_Audit_Onpage. | F5: 14 URL /products/... | G5: Dev | H5: P0 | I5: 46310 | J5: Chưa làm | K5: View-source (không JS) của từng sản phẩm hiện đúng tên, canonical đúng | L5: Audit mục 1; Strategy 01b U015–U028
A6: 2 | B6: W02-02 | C6: Kỹ thuật | D6: SSR H1, giá, mô tả, ảnh sản phẩm trong HTML gốc | E6: In H1, giá VND, mô tả, thông số (lực nâng, độ dày foam), ảnh chính kèm alt ngay trong HTML. JS chỉ thêm tương tác (chọn size, giỏ hàng). | F6: 14 URL sản phẩm | G6: Dev | H6: P0 | I6: 46311 | J6: Chưa làm | K6: curl trang sản phẩm thấy H1 + giá thật | L6: Strategy 07_Roadmap T1
A7: 3 | B7: W02-03 | C7: Kỹ thuật | D7: Xóa sản phẩm mẫu 'Velocity Pro One-Piece' khỏi template | E7: Tìm trong template HTML/JS mọi chuỗi Velocity Pro, giá 1.290.000, og:image favicon → xóa. Template mặc định không chứa dữ liệu sản phẩm giả. | F7: Template sản phẩm | G7: Dev | H7: P0 | I7: 46309 | J7: Chưa làm | K7: grep toàn site không còn 'Velocity Pro' | L7: Audit: vấn đề nghiêm trọng #1
A8: 4 | B8: W02-04 | C8: Kỹ thuật | D8: Breadcrumb thật cho trang sản phẩm | E8: Thay 'Collections › Đồ Bơi' cố định bằng breadcrumb theo danh mục: Trang chủ › Đồ bơi nữ › Liền thân › Tên SP (render sẵn HTML). | F8: 14 URL sản phẩm | G8: Dev | H8: P1 | I8: 46312 | J8: Chưa làm | K8: Breadcrumb đúng danh mục từng sản phẩm | L8: Strategy 08_Internal_Link
A9: 5 | B9: W02-05 | C9: Kiểm tra | D9: Kiểm tra lại sau khi deploy SSR | E9: 1. Crawl không chạy JS (Screaming Frog chế độ Text only hoặc curl) 14 URL. 2. GSC → URL Inspection từng sản phẩm → Test live URL → Request indexing. 3. Facebook Sharing Debugger → Scrape again. | F9: 14 URL sản phẩm | G9: SEO | H9: P0 | I9: 46313 | J9: Chưa làm | K9: 14/14 có title riêng; đã Request indexing | L9: Strategy 09_KPI: 14/14 HTML riêng

Sheet Tuan_03
A1: Tuần 3 (19/10 – 25/10/2026) · Tháng 1: SSR danh mục + title/meta/H1 toàn site
A2: Tiến độ: | C2: =IFERROR(COUNTIF(J5:J30,"Xong")/COUNTA(B5:B30),0) | D2: =COUNTIF(J5:J30,"Xong")&" / "&COUNTA(B5:B30)&" task xong · "&COUNTIF(J5:J30,"Vướng")&" task vướng"
A4: STT | B4: Mã task | C4: Hạng mục | D4: Đầu việc | E4: Các bước thực hiện | F4: URL / phạm vi | G4: Phụ trách | H4: Ưu tiên | I4: Hạn chót | J4: Trạng thái | K4: Tiêu chí hoàn thành | L4: Nguồn | M4: Ngày xong | N4: Ghi chú / link bằng chứng
A5: 1 | B5: W03-01 | C5: Kỹ thuật | D5: SSR lưới sản phẩm ở trang danh mục | E5: Trang /products, /women, /kids, /collections: render sẵn danh sách sản phẩm (tên, giá, ảnh, link) trong HTML; bỏ trạng thái '0 Sản Phẩm / Đang tải...' ở HTML gốc. | F5: /products, /women, /kids, /collections | G5: Dev | H5: P0 | I5: 46317 | J5: Chưa làm | K5: curl /women thấy link tới các sản phẩm | L5: Strategy U014, U033
A6: 2 | B6: W03-02 | C6: On-page | D6: Viết meta description cho toàn bộ URL thiếu | E6: Dùng cột 'Meta đề xuất' trong sheet 01b_Audit_Onpage (26/33 URL thiếu). Dev đưa vào CMS/DB, render phía máy chủ. Độ dài 140–160 ký tự. | F6: 26 URL | G6: SEO + Dev | H6: P0 | I6: 46317 | J6: Chưa làm | K6: Crawl: 0 URL thiếu meta | L6: Audit: 24/30 thiếu meta; Strategy 01b
A7: 3 | B7: W03-03 | C7: On-page | D7: Sửa title theo đề xuất, bỏ tên thương hiệu lặp | E7: Áp dụng cột 'Title đề xuất' sheet 01b. Bỏ lặp 'CARÉTTA ... - CARÉTTA' (15 trang). Title ngắn không từ khóa (9 trang) → thêm từ khóa. | F7: 33 URL | G7: SEO + Dev | H7: P0 | I7: 46318 | J7: Chưa làm | K7: Không title trùng, không lặp thương hiệu | L7: Audit mục 3
A8: 4 | B8: W03-04 | C8: On-page | D8: H1 đúng 1 thẻ mỗi trang | E8: Thêm H1 cho /women ('Đồ bơi nữ có phao trợ nổi'), /men, /kids, /collections. Bỏ H1 thứ 2 ở /ve-chung-toi/phat-trien-ben-vung và /tuyen-dung. Đổi H1 why-caretta theo 01b. | F8: 7 URL | G8: Dev | H8: P0 | I8: 46318 | J8: Chưa làm | K8: Mỗi trang đúng 1 H1 | L8: Audit mục 3; Strategy 01b
A9: 5 | B9: W03-05 | C9: On-page | D9: og:image riêng cho trang chủ và danh mục | E9: Thay og:image favicon bằng ảnh 1200x630 cho trang chủ, danh mục, trang hỗ trợ. | F9: Toàn site | G9: Dev + Content | H9: P1 | I9: 46319 | J9: Chưa làm | K9: Sharing Debugger hiện ảnh đúng | L9: Audit mục 3
A10: 6 | B10: W03-06 | C10: Kiểm tra | D10: Crawl lại và gửi lại sitemap | E10: Crawl toàn site (không JS), kiểm tra title/meta/H1/canonical. GSC: gửi lại sitemap, Request indexing trang danh mục. | F10: Toàn site | G10: SEO | H10: P0 | I10: 46320 | J10: Chưa làm | K10: Báo cáo crawl gửi chủ shop

Sheet Tuan_04
A1: Tuần 4 (26/10 – 01/11/2026) · Tháng 1: Pháp lý, tin cậy + tổng kết tháng 1
A2: Tiến độ: | C2: =IFERROR(COUNTIF(J5:J29,"Xong")/COUNTA(B5:B29),0) | D2: =COUNTIF(J5:J29,"Xong")&" / "&COUNTA(B5:B29)&" task xong · "&COUNTIF(J5:J29,"Vướng")&" task vướng"
A4: STT | B4: Mã task | C4: Hạng mục | D4: Đầu việc | E4: Các bước thực hiện | F4: URL / phạm vi | G4: Phụ trách | H4: Ưu tiên | I4: Hạn chót | J4: Trạng thái | K4: Tiêu chí hoàn thành | L4: Nguồn | M4: Ngày xong | N4: Ghi chú / link bằng chứng
A5: 1 | B5: W04-01 | C5: Nội dung | D5: Tạo trang Chính sách bảo mật và Điều khoản sử dụng | E5: Viết nội dung (thu thập dữ liệu, cookie, thanh toán, quyền khách hàng). URL /chinh-sach-bao-mat/, /dieu-khoan/. Gắn vào footer + menu Hỗ trợ. | F5: 2 URL mới | G5: Content + Chủ shop | H5: P0 | I5: 46324 | J5: Chưa làm | K5: 2 trang live, footer link đúng | L5: Audit mục 4; Strategy 04_Menu
A6: 2 | B6: W04-02 | C6: Nội dung | D6: Thông tin doanh nghiệp ở chân trang | E6: Chủ shop cung cấp: tên pháp nhân, MST, địa chỉ đăng ký, người đại diện, logo 'Đã thông báo Bộ Công Thương' (nếu đã đăng ký). Dev đưa vào footer. | F6: Footer | G6: Chủ shop + Dev | H6: P0 | I6: 46325 | J6: Chưa làm | K6: Footer có tên công ty + MST | L6: Strategy 00_Huong_Dan (Cần xác minh)
A7: 3 | B7: W04-03 | C7: Nội dung | D7: Thống nhất chính sách đổi trả (10 hay 20 ngày) | E7: Chủ shop chốt 1 con số. Sửa đồng bộ ở /ho-tro/giao-hang-doi-tra và mọi trang sản phẩm. | F7: /ho-tro/giao-hang-doi-tra + 14 SP | G7: Chủ shop + Content | H7: P0 | I7: 46323 | J7: Chưa làm | K7: Mọi trang ghi cùng một thời hạn | L7: Strategy U006
A8: 4 | B8: W04-04 | C8: Nội dung | D8: Bổ sung trang Câu chuyện thương hiệu | E8: Người sáng lập, nơi sản xuất (Made in Vietnam), ảnh xưởng/đội ngũ, tiêu chuẩn foam (nếu có). | F8: /ve-chung-toi/cau-chuyen | G8: Content + Chủ shop | H8: P1 | I8: 46326 | J8: Chưa làm | K8: Trang có ảnh thật và thông tin pháp nhân | L8: Strategy U029
A9: 5 | B9: W04-05 | C9: Kiểm tra | D9: Tổng kết tháng 1 | E9: 1. Đo lại PageSpeed Mobile + Desktop 5 URL, ghi PageSpeed_Log. 2. GSC Pages: số URL index, lỗi còn lại. 3. Cập nhật KPI tháng M1 (14/14 HTML riêng, 0 thiếu meta). 4. Gửi báo cáo ngắn cho chủ shop. | F9: Toàn site | G9: SEO | H9: P0 | I9: 46327 | J9: Chưa làm | K9: Báo cáo tháng 1 đã gửi | L9: Strategy 09_KPI M1

Sheet Tuan_05
A1: Tuần 5 (02/11 – 08/11/2026) · Tháng 2: URL tiếng Việt + 301
A2: Tiến độ: | C2: =IFERROR(COUNTIF(J5:J28,"Xong")/COUNTA(B5:B28),0) | D2: =COUNTIF(J5:J28,"Xong")&" / "&COUNTA(B5:B28)&" task xong · "&COUNTIF(J5:J28,"Vướng")&" task vướng"
A4: STT | B4: Mã task | C4: Hạng mục | D4: Đầu việc | E4: Các bước thực hiện | F4: URL / phạm vi | G4: Phụ trách | H4: Ưu tiên | I4: Hạn chót | J4: Trạng thái | K4: Tiêu chí hoàn thành | L4: Nguồn | M4: Ngày xong | N4: Ghi chú / link bằng chứng
A5: 1 | B5: W05-01 | C5: Cấu trúc | D5: Chốt bảng URL mới và bảng 301 | E5: Theo sheet 04_Menu_DLN: /products→/do-boi-co-phao/, /women→/do-boi-nu/, /kids→/do-boi-tre-em/, /collections→/do-boi-co-phao/, /ve-chung-toi/why-caretta→/cong-nghe-phao-noi/. Lập file Excel cột 'URL cũ | URL mới'. | F5: Toàn site | G5: SEO | H5: P0 | I5: 46329 | J5: Chưa làm | K5: Bảng 301 được chủ shop duyệt | L5: Strategy 04_Menu, 01_URL
A6: 2 | B6: W05-02 | C6: Cấu trúc | D6: Triển khai URL mới + redirect 301 | E6: Dev tạo route mới, 301 một bước từ URL cũ (không chuỗi redirect). Cập nhật canonical, menu, footer, link nội bộ sang URL mới. | F6: Danh mục + why-caretta | G6: Dev | H6: P0 | I6: 46332 | J6: Chưa làm | K6: Mọi URL cũ trả 301 → URL mới trả 200 | L6: Strategy 07_Roadmap T2
A7: 3 | B7: W05-03 | C7: Cấu trúc | D7: Danh mục con là URL thật (bỏ ?style=) | E7: Tạo /do-boi-nu/lien-than/, /do-boi-nu/2-manh/, /do-boi-nu/kin-dao/, /ao-phao-tap-boi/ có title/H1/meta riêng, lưới sản phẩm SSR. | F7: 4 URL mới | G7: Dev | H7: P0 | I7: 46333 | J7: Chưa làm | K7: 4 trang danh mục con live, index được | L7: Strategy 04_Menu
A8: 4 | B8: W05-04 | C8: Kiểm tra | D8: Kiểm tra redirect và cập nhật GSC | E8: Crawl tìm redirect chain/404; gửi sitemap mới; Request indexing URL mới. | F8: Toàn site | G8: SEO | H8: P0 | I8: 46334 | J8: Chưa làm | K8: 0 link nội bộ trỏ URL đã 301 | L8: Strategy 08_Internal_Link

Sheet Tuan_06
A1: Tuần 6 (09/11 – 15/11/2026) · Tháng 2: Schema (dữ liệu có cấu trúc)
A2: Tiến độ: | C2: =IFERROR(COUNTIF(J5:J28,"Xong")/COUNTA(B5:B28),0) | D2: =COUNTIF(J5:J28,"Xong")&" / "&COUNTA(B5:B28)&" task xong · "&COUNTIF(J5:J28,"Vướng")&" task vướng"
A4: STT | B4: Mã task | C4: Hạng mục | D4: Đầu việc | E4: Các bước thực hiện | F4: URL / phạm vi | G4: Phụ trách | H4: Ưu tiên | I4: Hạn chót | J4: Trạng thái | K4: Tiêu chí hoàn thành | L4: Nguồn | M4: Ngày xong | N4: Ghi chú / link bằng chứng
A5: 1 | B5: W06-01 | C5: Schema | D5: Product + Offer cho 14 sản phẩm | E5: JSON-LD render phía máy chủ: name, brand CARÉTTA, image, description, sku, offers (price, priceCurrency VND, availability, itemCondition, url, hasMerchantReturnPolicy, shippingDetails). Mẫu ở mục 5 bản audit. | F5: 14 URL sản phẩm | G5: Dev | H5: P0 | I5: 46338 | J5: Chưa làm | K5: Rich Results Test: Product hợp lệ, 0 lỗi | L5: Audit mục 5
A6: 2 | B6: W06-02 | C6: Schema | D6: Organization + WebSite (trang chủ), OnlineStore/LocalBusiness | E6: Tên, logo, url, sameAs (FB, IG, TikTok), contactPoint hotline, địa chỉ 80/2 Yên Thế. | F6: Trang chủ | G6: Dev | H6: P0 | I6: 46338 | J6: Chưa làm | K6: Schema Validator không lỗi | L6: Audit mục 5
A7: 3 | B7: W06-03 | C7: Schema | D7: BreadcrumbList + FAQPage | E7: BreadcrumbList cho sản phẩm, danh mục, hỗ trợ. FAQPage cho /ho-tro/cau-hoi-thuong-gap (thêm câu hỏi lực nâng theo cân nặng). | F7: Sản phẩm, danh mục, FAQ | G7: Dev + Content | H7: P1 | I7: 46340 | J7: Chưa làm | K7: Rich Results Test hợp lệ | L7: Audit mục 5; Strategy U005
A8: 4 | B8: W06-04 | C8: Kiểm tra | D8: Theo dõi GSC Enhancements | E8: GSC → Shopping/Product snippets, Breadcrumbs: kiểm tra lỗi, Validate fix. | F8: GSC | G8: SEO | H8: P1 | I8: 46341 | J8: Chưa làm | K8: Không lỗi nghiêm trọng trong Enhancements | L8: Strategy 09_KPI

Sheet Tuan_07
A1: Tuần 7 (16/11 – 22/11/2026) · Tháng 2: Sitemap, menu, nội dung danh mục
A2: Tiến độ: | C2: =IFERROR(COUNTIF(J5:J28,"Xong")/COUNTA(B5:B28),0) | D2: =COUNTIF(J5:J28,"Xong")&" / "&COUNTA(B5:B28)&" task xong · "&COUNTIF(J5:J28,"Vướng")&" task vướng"
A4: STT | B4: Mã task | C4: Hạng mục | D4: Đầu việc | E4: Các bước thực hiện | F4: URL / phạm vi | G4: Phụ trách | H4: Ưu tiên | I4: Hạn chót | J4: Trạng thái | K4: Tiêu chí hoàn thành | L4: Nguồn | M4: Ngày xong | N4: Ghi chú / link bằng chứng
A5: 1 | B5: W07-01 | C5: Kỹ thuật | D5: Sitemap tự cập nhật có lastmod | E5: Sitemap sinh động từ DB: chỉ URL index được, có <lastmod>. Không chứa URL noindex/301. | F5: sitemap.xml | G5: Dev | H5: P1 | I5: 46344 | J5: Chưa làm | K5: Sitemap có lastmod; GSC đọc Success | L5: Audit mục 1
A6: 2 | B6: W07-02 | C6: Cấu trúc | D6: Cập nhật menu theo 04_Menu_DLN | E6: Menu mới: Đồ bơi nữ (Liền thân, 2 mảnh, Kín đáo), Trẻ em, Áo phao & quần trợ nổi, Combo, Học bơi, Công nghệ phao nổi, Về CARÉTTA, Hỗ trợ. Ẩn Nam. | F6: Header | G6: Dev | H6: P0 | I6: 46345 | J6: Chưa làm | K6: Menu live đúng cấu trúc | L6: Strategy 04_Menu
A7: 3 | B7: W07-03 | C7: Nội dung | D7: Viết 200–300 chữ giới thiệu cho danh mục | E7: KD01 /do-boi-co-phao/, KD02 /do-boi-nu/, KD03 /do-boi-tre-em/, KD07 /ao-phao-tap-boi/, KD08 /do-boi-nu/kin-dao/: đoạn mở đầu, bảng lực nâng, FAQ ngắn. Luôn ghi 'không phải thiết bị cứu sinh'. | F7: 5 trang danh mục | G7: Content | H7: P0 | I7: 46347 | J7: Chưa làm | K7: 5 đoạn nội dung live | L7: Strategy 05_20_Pillar
A8: 4 | B8: W07-04 | C8: Liên kết | D8: Liên kết nội bộ trang chủ và footer | E8: Trang chủ link tới danh mục chính, /lo-trinh-hoc-boi/, /cong-nghe-phao-noi/. Footer: Bảo mật, Điều khoản, Đổi trả, FAQ. | F8: Trang chủ, footer | G8: Dev | H8: P1 | I8: 46347 | J8: Chưa làm | K8: Mỗi trang quan trọng ≥ 3 link vào | L8: Strategy 08_Internal_Link

Sheet Tuan_08
A1: Tuần 8 (23/11 – 29/11/2026) · Tháng 2: Merchant Center + tổng kết tháng 2
A2: Tiến độ: | C2: =IFERROR(COUNTIF(J5:J27,"Xong")/COUNTA(B5:B27),0) | D2: =COUNTIF(J5:J27,"Xong")&" / "&COUNTA(B5:B27)&" task xong · "&COUNTIF(J5:J27,"Vướng")&" task vướng"
A4: STT | B4: Mã task | C4: Hạng mục | D4: Đầu việc | E4: Các bước thực hiện | F4: URL / phạm vi | G4: Phụ trách | H4: Ưu tiên | I4: Hạn chót | J4: Trạng thái | K4: Tiêu chí hoàn thành | L4: Nguồn | M4: Ngày xong | N4: Ghi chú / link bằng chứng
A5: 1 | B5: W08-01 | C5: Bán hàng | D5: Google Merchant Center (cần chủ shop xác nhận) | E5: Tạo tài khoản, xác minh caretta.vn, bật free listings, nguồn sản phẩm từ schema hoặc feed. Kiểm tra lỗi sản phẩm. | F5: 14 sản phẩm | G5: Chủ shop + SEO | H5: P1 | I5: 46352 | J5: Chưa làm | K5: Sản phẩm trạng thái Approved | L5: Strategy 07_Roadmap T2
A6: 2 | B6: W08-02 | C6: Chuyển đổi | D6: Nút Zalo tư vấn size trên trang sản phẩm | E6: Nút nổi trên mobile, không che nút Mua. Gắn sự kiện GA4 click_zalo. | F6: 14 URL sản phẩm | G6: Dev | H6: P1 | I6: 46353 | J6: Chưa làm | K6: Nút hiện trên mobile, sự kiện có trong GA4 | L6: Strategy 07_Roadmap T2
A7: 3 | B7: W08-03 | C7: Kiểm tra | D7: Tổng kết tháng 2 | E7: PageSpeed 5 URL; GSC Pages + Enhancements; số URL danh mục index; cập nhật KPI M2. | F7: Toàn site | G7: SEO | H7: P0 | I7: 46355 | J7: Chưa làm | K7: Báo cáo tháng 2 đã gửi | L7: Strategy 09_KPI M2

Sheet Tuan_09
A1: Tuần 9 (30/11 – 06/12/2026) · Tháng 3: Tốc độ: tối ưu ảnh
A2: Tiến độ: | C2: =IFERROR(COUNTIF(J5:J28,"Xong")/COUNTA(B5:B28),0) | D2: =COUNTIF(J5:J28,"Xong")&" / "&COUNTA(B5:B28)&" task xong · "&COUNTIF(J5:J28,"Vướng")&" task vướng"
A4: STT | B4: Mã task | C4: Hạng mục | D4: Đầu việc | E4: Các bước thực hiện | F4: URL / phạm vi | G4: Phụ trách | H4: Ưu tiên | I4: Hạn chót | J4: Trạng thái | K4: Tiêu chí hoàn thành | L4: Nguồn | M4: Ngày xong | N4: Ghi chú / link bằng chứng
A5: 1 | B5: W09-01 | C5: Hiệu năng | D5: Nén và đổi định dạng ảnh tĩnh | E5: dual flex.png 3,7 MB, collection.png 2,4 MB, phone home 2.png 2,2 MB, phone home.png 1,7 MB, eva fit.png 1,3 MB... → WebP/AVIF, rộng tối đa 1600px (thẻ sản phẩm 800px), dùng srcset/sizes. | F5: Trang chủ + danh mục | G5: Dev | H5: P0 | I5: 46359 | J5: Chưa làm | K5: Trang chủ < 2 MB | L5: Audit mục 2
A6: 2 | B6: W09-02 | C6: Hiệu năng | D6: Ảnh sản phẩm trên Supabase | E6: Dùng Supabase Image Transformations (width, quality) hoặc resize trước khi upload. Mỗi ảnh < 150 KB. | F6: Ảnh sản phẩm | G6: Dev | H6: P0 | I6: 46360 | J6: Chưa làm | K6: Trang sản phẩm < 1,5 MB | L6: Audit mục 2
A7: 3 | B7: W09-03 | C7: Hiệu năng | D7: Cache dài hạn + width/height + lazy-load | E7: Cache-Control: public, max-age=31536000, immutable cho ảnh có version. Khai báo width/height mọi ảnh. loading=lazy cho ảnh dưới màn hình đầu; ảnh LCP fetchpriority=high. | F7: Toàn site | G7: Dev | H7: P0 | I7: 46361 | J7: Chưa làm | K7: PageSpeed không còn cảnh báo cache và kích thước ảnh | L7: Audit mục 2
A8: 4 | B8: W09-04 | C8: Hình ảnh | D8: Đổi tên tệp và bổ sung alt | E8: Tên tệp không dấu cách: ao-phao-boi-challenger-light.webp. Thêm alt cho 4 ảnh trang sản phẩm + 1 ảnh danh mục. | F8: Ảnh sản phẩm, danh mục | G8: Dev + Content | H8: P1 | I8: 46361 | J8: Chưa làm | K8: 0 ảnh thiếu alt | L8: Audit mục 7

Sheet Tuan_10
A1: Tuần 10 (07/12 – 13/12/2026) · Tháng 3: Tốc độ: render-blocking + đo lại
A2: Tiến độ: | C2: =IFERROR(COUNTIF(J5:J28,"Xong")/COUNTA(B5:B28),0) | D2: =COUNTIF(J5:J28,"Xong")&" / "&COUNTA(B5:B28)&" task xong · "&COUNTIF(J5:J28,"Vướng")&" task vướng"
A4: STT | B4: Mã task | C4: Hạng mục | D4: Đầu việc | E4: Các bước thực hiện | F4: URL / phạm vi | G4: Phụ trách | H4: Ưu tiên | I4: Hạn chót | J4: Trạng thái | K4: Tiêu chí hoàn thành | L4: Nguồn | M4: Ngày xong | N4: Ghi chú / link bằng chứng
A5: 1 | B5: W10-01 | C5: Hiệu năng | D5: Tự host font và bỏ CSS chặn render | E5: Tải Google Fonts về server, font-display: swap, preload font chính. Inline CSS quan trọng phía trên màn hình, defer phần còn lại. | F5: Toàn site | G5: Dev | H5: P0 | I5: 46366 | J5: Chưa làm | K5: PageSpeed không còn 'Eliminate render-blocking resources' | L5: Audit mục 2
A6: 2 | B6: W10-02 | C6: Hiệu năng | D6: Cho H1 hero hiện ngay | E6: Bỏ hiệu ứng ẩn/fade-in của H1 hero (đang là phần tử LCP). | F6: Trang chủ | G6: Dev | H6: P0 | I6: 46366 | J6: Chưa làm | K6: FCP mobile < 1,8 s | L6: Audit mục 2
A7: 3 | B7: W10-03 | C7: Hình ảnh | D7: Thay ảnh hero Unsplash bằng ảnh sản phẩm thật | E7: Chụp/chọn ảnh khách hoặc buổi học bơi thật, xuất WebP. | F7: Trang chủ | G7: Chủ shop + Content | H7: P1 | I7: 46368 | J7: Chưa làm | K7: Không còn ảnh stock trên trang chủ | L7: Audit mục 7
A8: 4 | B8: W10-04 | C8: PageSpeed | D8: Đo lại PageSpeed Mobile + Desktop | E8: Đo 5 URL, ghi PageSpeed_Log, so với tuần 1. Mục tiêu: LCP mobile < 2,5 s, điểm Performance ≥ 90. Nếu chưa đạt, ghi nguyên nhân còn lại cho Dev. | F8: 5 URL | G8: SEO | H8: P0 | I8: 46369 | J8: Chưa làm | K8: Có bảng so sánh trước/sau | L8: Strategy 09_KPI Tốc độ

Sheet Tuan_11
A1: Tuần 11 (14/12 – 20/12/2026) · Tháng 3: Nội dung trang bán hàng
A2: Tiến độ: | C2: =IFERROR(COUNTIF(J5:J27,"Xong")/COUNTA(B5:B27),0) | D2: =COUNTIF(J5:J27,"Xong")&" / "&COUNTA(B5:B27)&" task xong · "&COUNTIF(J5:J27,"Vướng")&" task vướng"
A4: STT | B4: Mã task | C4: Hạng mục | D4: Đầu việc | E4: Các bước thực hiện | F4: URL / phạm vi | G4: Phụ trách | H4: Ưu tiên | I4: Hạn chót | J4: Trạng thái | K4: Tiêu chí hoàn thành | L4: Nguồn | M4: Ngày xong | N4: Ghi chú / link bằng chứng
A5: 1 | B5: W11-01 | C5: Nội dung | D5: Viết lại mô tả 14 sản phẩm (≥ 300 chữ) | E5: Mỗi sản phẩm: lực nâng (N), độ dày foam, ai nên dùng, trình độ bơi, bảng size, chất liệu, bảo quản, lưu ý an toàn. Không dùng 'chống đuối nước', 'an toàn tuyệt đối'. | F5: 14 sản phẩm | G5: Content | H5: P0 | I5: 46374 | J5: Chưa làm | K5: 14/14 mô tả ≥ 300 chữ, không trùng | L5: Strategy 07_Roadmap T3
A6: 2 | B6: W11-02 | C6: Nội dung | D6: Refresh /lo-trinh-hoc-boi/, /cong-nghe-phao-noi/, FAQ | E6: Lộ trình: link sản phẩm theo từng bước. Công nghệ: bảng lực nâng từng dòng, độ dày foam, cách đo. FAQ: thêm câu hỏi lực nâng theo cân nặng. | F6: 3 trang | G6: Content | H6: P1 | I6: 46375 | J6: Chưa làm | K6: 3 trang cập nhật | L6: Strategy U010, U032, U005
A7: 3 | B7: W11-03 | C7: Chuyển đổi | D7: Bảng so sánh các dòng sản phẩm | E7: Bảng HTML (không phải ảnh): Challenger Light, EVA Fit, Dual Flex... theo lực nâng, đối tượng, giá. Đặt ở /do-boi-co-phao/. | F7: /do-boi-co-phao/ | G7: Content + Dev | H7: P1 | I7: 46375 | J7: Chưa làm | K7: Bảng live, đọc được không cần JS | L7: Audit mục 6

Sheet Tuan_12
A1: Tuần 12 (21/12 – 27/12/2026) · Tháng 3: Uy tín + nghiệm thu giai đoạn sửa website
A2: Tiến độ: | C2: =IFERROR(COUNTIF(J5:J28,"Xong")/COUNTA(B5:B28),0) | D2: =COUNTIF(J5:J28,"Xong")&" / "&COUNTA(B5:B28)&" task xong · "&COUNTIF(J5:J28,"Vướng")&" task vướng"
A4: STT | B4: Mã task | C4: Hạng mục | D4: Đầu việc | E4: Các bước thực hiện | F4: URL / phạm vi | G4: Phụ trách | H4: Ưu tiên | I4: Hạn chót | J4: Trạng thái | K4: Tiêu chí hoàn thành | L4: Nguồn | M4: Ngày xong | N4: Ghi chú / link bằng chứng
A5: 1 | B5: W12-01 | C5: Uy tín | D5: Thu thập và hiển thị đánh giá khách hàng | E5: Gửi tin nhắn xin review (có ảnh) cho khách đã mua. Hiển thị review trên trang sản phẩm; tạo /danh-gia-khach-hang/. | F5: Sản phẩm + trang review | G5: Chủ shop + Dev | H5: P1 | I5: 46381 | J5: Chưa làm | K5: ≥ 10 review thật hiển thị | L5: Strategy 07_Roadmap T3
A6: 2 | B6: W12-02 | C6: AI Search | D6: Tạo /llms.txt | E6: Liệt kê trang chính: danh mục, công nghệ phao nổi, lộ trình học bơi, FAQ, chính sách, kèm mô tả 1 dòng. | F6: /llms.txt | G6: SEO + Dev | H6: P2 | I6: 46380 | J6: Chưa làm | K6: caretta.vn/llms.txt trả 200 | L6: Audit mục 6
A7: 3 | B7: W12-03 | C7: Kiểm tra | D7: Nghiệm thu 'website sẵn sàng SEO' | E7: Crawl toàn site + PageSpeed + Rich Results + GSC Pages. Đối chiếu tất cả task tuần 1–11 trạng thái Xong. Cập nhật KPI M3. | F7: Toàn site | G7: SEO | H7: P0 | I7: 46382 | J7: Chưa làm | K7: Checklist đạt 100%, báo cáo gửi chủ shop | L7: Strategy 07_Roadmap T3
A8: 4 | B8: W12-04 | C8: Kế hoạch | D8: Chuẩn bị nội dung tháng 4 | E8: Lên lịch 12 bài: KD09 (5 bài lộ trình), KD14, KD11. Đổi /blog → /kien-thuc-boi/ (301) và bỏ noindex khi có ≥ 6 bài. | F8: /kien-thuc-boi/ | G8: SEO + Content | H8: P1 | I8: 46383 | J8: Chưa làm | K8: Lịch 12 bài có tiêu đề + từ khóa | L8: Strategy 05, 06, 07

Sheet PageSpeed_Log
A1: Nhật ký đo PageSpeed Insights (https://pagespeed.web.dev/)
A2: Ngưỡng tốt: Performance ≥ 90 · LCP ≤ 2,5 s · FCP ≤ 1,8 s · CLS ≤ 0,1 · TBT ≤ 200 ms. Dòng mẫu đầu tiên lấy từ bản audit (Lighthouse 25/09/2026, mobile).
A4: Ngày đo | B4: Tuần | C4: URL | D4: Thiết bị | E4: Performance | F4: LCP (s) | G4: FCP (s) | H4: CLS | I4: TBT (ms) | J4: Speed Index (s) | K4: Dung lượng (MB) | L4: Accessibility | M4: Best Practices | N4: SEO | O4: CrUX (Pass/Fail/Chưa có) | P4: Đạt LCP? | Q4: Lỗi chính / ghi chú
A5: 46290 | B5: Audit | C5: https://caretta.vn/ | D5: Mobile | E5: 59 | F5: 67.7 | G5: 5.3 | H5: 0 | I5: 0 | K5: 20.7 | O5: Chưa có | P5: =IF(F5="","",IF(F5<=2.5,"Đạt","Chưa đạt")) | Q5: Mẫu từ bản audit
A6: 46290 | B6: Audit | C6: https://caretta.vn/products/ao-phao-boi-khop-dong-caretta-challenger-light | D6: Mobile | E6: 62 | F6: 28.9 | G6: 5.1 | H6: 0.026 | I6: 0 | K6: 6.6 | O6: Chưa có | P6: =IF(F6="","",IF(F6<=2.5,"Đạt","Chưa đạt")) | Q6: Mẫu từ bản audit
B7: Tuần 1 | C7: https://caretta.vn/ | D7: Mobile | P7: =IF(F7="","",IF(F7<=2.5,"Đạt","Chưa đạt"))
B8: Tuần 1 | C8: https://caretta.vn/products | D8: Mobile | P8: =IF(F8="","",IF(F8<=2.5,"Đạt","Chưa đạt"))
B9: Tuần 1 | C9: https://caretta.vn/women | D9: Mobile | P9: =IF(F9="","",IF(F9<=2.5,"Đạt","Chưa đạt"))
B10: Tuần 1 | C10: https://caretta.vn/products/ao-phao-boi-khop-dong-caretta-challenger-light | D10: Mobile | P10: =IF(F10="","",IF(F10<=2.5,"Đạt","Chưa đạt"))
B11: Tuần 1 | C11: https://caretta.vn/lo-trinh-hoc-boi | D11: Mobile | P11: =IF(F11="","",IF(F11<=2.5,"Đạt","Chưa đạt"))
B12: Tuần 1 | C12: https://caretta.vn/ | D12: Desktop | P12: =IF(F12="","",IF(F12<=2.5,"Đạt","Chưa đạt"))
B13: Tuần 1 | C13: https://caretta.vn/products | D13: Desktop | P13: =IF(F13="","",IF(F13<=2.5,"Đạt","Chưa đạt"))
B14: Tuần 1 | C14: https://caretta.vn/women | D14: Desktop | P14: =IF(F14="","",IF(F14<=2.5,"Đạt","Chưa đạt"))
B15: Tuần 1 | C15: https://caretta.vn/products/ao-phao-boi-khop-dong-caretta-challenger-light | D15: Desktop | P15: =IF(F15="","",IF(F15<=2.5,"Đạt","Chưa đạt"))
B16: Tuần 1 | C16: https://caretta.vn/lo-trinh-hoc-boi | D16: Desktop | P16: =IF(F16="","",IF(F16<=2.5,"Đạt","Chưa đạt"))
B17: Tuần 4 | C17: https://caretta.vn/ | D17: Mobile | P17: =IF(F17="","",IF(F17<=2.5,"Đạt","Chưa đạt"))
B18: Tuần 4 | C18: https://caretta.vn/products | D18: Mobile | P18: =IF(F18="","",IF(F18<=2.5,"Đạt","Chưa đạt"))
... B56: Tuần 12 | C56: https://caretta.vn/lo-trinh-hoc-boi | D56: Desktop | P56: =IF(F56="","",IF(F56<=2.5,"Đạt","Chưa đạt"))

Sheet Thang_04-12
A1: Việc từ tháng 4 đến tháng 12 (giai đoạn nội dung). Chi tiết hóa thành sheet tuần khi bắt đầu mỗi tháng.
A3: Tháng | B3: Từ tuần | C3: Trọng tâm | D3: Nội dung / SEO | E3: Kỹ thuật | F3: Offpage / Thương hiệu | G3: Chuyển đổi | H3: KPI chính | I3: Output bắt buộc | J3: Trạng thái | K3: Ghi chú
A4: Tháng 4 | B4: ~Tuần 13 (28/12/2026) | C4: Nội dung: học bơi đợt 1 | D4: KD09 (5 bài lộ trình) + KD14 (chọn phao tập bơi) + KD11 (sợ nước): ~12 bài | E4: Mở index /kien-thuc-boi/ (301 từ /blog); schema Article | F4: Đăng lại dạng video ngắn TikTok/Reels, dẫn link bài | G4: CTA sản phẩm theo bước trong mỗi bài | H4: Số bài index; impression nhóm 'tự học bơi' | I4: 12 bài live | J4: Chưa làm
A5: Tháng 5 | B5: ~Tuần 17 (25/01/2027) | C5: Nội dung: sản phẩm & so sánh | D5: Cluster KD01, KD07, bài KD08 kín đáo: ~10 bài | F5: Tiếp cận bài 'top đồ bơi' của Decathlon, Bradina, blog review để được nhắc tên | G5: Popup/banner hướng dẫn size | H5: Click từ bài Commercial vào sản phẩm | I5: 10 bài live | J5: Chưa làm
A6: Tháng 6 | B6: ~Tuần 21 (22/02/2027) | C6: Nội dung: mùa hè cao điểm | D6: KD18 (đi biển), KD19 (combo, /uu-dai/): ~8 bài/landing | E6: Kiểm tra tốc độ trước mùa cao điểm | F6: Hợp tác KOL mẹ và bé, HLV bơi (cần xác minh ngân sách) | G6: Landing combo mùa hè | H6: Doanh thu organic tháng 6 | I6: 8 nội dung + 1 landing | J6: Chưa làm
A7: Tháng 7 | B7: ~Tuần 25 (22/03/2027) | C7: Nội dung: trẻ em | D7: Cluster KD03 + KD12: ~10 bài | F7: Hợp tác trung tâm dạy bơi trẻ em | G7: Bảng chọn size theo tuổi | H7: Thứ hạng 'đồ bơi trẻ em có phao' | I7: 10 bài live | J7: Chưa làm
A8: Tháng 8 | B8: ~Tuần 29 (19/04/2027) | C8: Nội dung: người lớn học bơi | D8: KD10 + KD13: ~10 bài | F8: Guest post trên site thể thao/sức khỏe | G8: Lead magnet PDF 'Lộ trình 4 tuần tự học bơi' | H8: Impression toàn site | I8: 10 bài live | J8: Chưa làm
A9: Tháng 9 | B9: ~Tuần 33 (17/05/2027) | C9: Nội dung: an toàn & công nghệ | D9: KD15 + KD17: ~10 bài (chuyên gia/HLV duyệt) | F9: Liên hệ báo chí về sản phẩm Made in Vietnam | G9: Hiển thị review thật trên sản phẩm | H9: Số trang có link từ báo/blog ngoài | I9: 10 bài live | J9: Chưa làm
A10: Tháng 10 | B10: ~Tuần 37 (14/06/2027) | C10: Nội dung: chọn đồ bơi & persona | D10: KD05, KD06, KD16: ~10 bài | G10: Tối ưu trang có impression cao, CTR thấp (GSC) | H10: CTR trung bình | I10: 10 bài live + 10 bài tối ưu lại | J10: Chưa làm
A11: Tháng 11 | B11: ~Tuần 41 (12/07/2027) | C11: Làm mới & mở rộng | D11: Refresh 20 bài vị trí 8–20; KD04 (nam) nếu có sản phẩm | F11: Thêm review, câu hỏi khách vào FAQ | G11: A/B test tiêu đề sản phẩm | H11: Số từ khóa top 10 | I11: Báo cáo từ khóa trang 2 → trang 1 | J11: Chưa làm
A12: Tháng 12 | B12: ~Tuần 45 (09/08/2027) | C12: Tổng kết & kế hoạch năm 2 | D12: Kế hoạch nội dung năm 2 theo dữ liệu GSC | E12: Audit lại toàn site | F12: Tổng hợp link, review | G12: Tối ưu phễu mua hàng | H12: Tất cả KPI | I12: Báo cáo 12 tháng + roadmap năm 2 | J12: Chưa làm
A14: Nguồn: sheet 07_Roadmap_12_Thang, 05_20_Pillar, 06_100_Cluster trong CARETTA_SEO_Strategy.xlsx. Lịch tháng tính tiếp nối 12 tuần sửa website.
